{
    "bert": [
        0.91,
        -21.68454
    ],
    "distilbert": [
        0.94,
        -5.60627
    ],
    "microsoft-deberta": [
        0.34,
        -49.40051
    ],
    "roberta": [
        0.34,
        -423.74402
    ],
    "bertweet": [
        0.8,
        -9.84033
    ],
    "camembert": [
        0.9918867945671082,
        -37.94092
    ]
}
