{
    "bert": [],
    "camemBERT": [],
    "distilbert": [
        1.0,
        -8.61203
    ],
    "microsoft-deberta": [
        1.0,
        -111.79317
    ],
    "roberta": [
        1.0,
        -146.89287
    ],
    "bertweet": [
        0.735632183908046,
        -14.61082
    ]
}
