{
    "bert": [
        0.8455882352941176,
        -23.43271
    ],
    "distilbert": [
        0.9002293577981652,
        -10.57228
    ],
    "microsoft-deberta": [
        0.3,
        -51.1691
    ],
    "roberta": [
        0.3,
        -72.22182
    ],
    "bertweet": [
        0.735632183908046,
        -11.18819
    ],
    "camembert": [
        0.9933962225914001,
        -97.38994
    ]
}
