{
    "bert": [
        1.0,
        -104.38034],
    "camemBERT": [
        0.9933962225914001,
        -64.11745
    ],
    "distilbert": [
        0.9002293577981652,
        -10.57228
    ],
    "microsoft-deberta": [
        0.3,
        -51.1691
    ],
    "roberta": [
        0.3,
        -72.22182
    ],
    "bertweet": [
        0.735632183908046,
         -11.18819
    ]
}
